operasi,waktu_total,throughput,sukses,gagal
get,409.2256760597229,256234.16646197182,1,0
upload,995.2157959938049,105361.67173199964,1,0
