operasi,waktu_total,throughput,sukses,gagal
get,334.84772396087646,313150.1052468003,1,0
upload,910.1362745761871,115210.87877617871,1,0
